Cien Años de Soledad,Gabriel García Márquez,false
Don Quijote de la Mancha,Miguel de Cervantes,false
Cien Años de Soledad,Gabriel Garcia Marquez,false
Don Quijote de la Mancha,Miguel de Cervantes,false
Cien Años de Soledad,Gabriel Garcia Marquez,false
Don Quijote de la Mancha,Miguel de Cervantes,false
Cien Años de Soledad,Gabriel Garcia Marquez,false
Don Quijote de la Mancha,Miguel de Cervantes,false
Cien Años de Soledad,Gabriel Garcia Marquez,false
Don Quijote de la Mancha,Miguel de Cervantes,false
Cien Anos de Soledad,Gabriel Garcia Marquez,false
Don Quijote de la Mancha,Miguel de Cervantes,false
Cien Anos de Soledad,Gabriel Garcia Marquez,false
Don Quijote de la Mancha,Miguel de Cervantes,false
Cien Anos de Soledad,Gabriel Garcia Marquez,false
Don Quijote de la Mancha,Miguel de Cervantes,false
cien anos de soledad,Gabriel garcia marques,false
Cien Anos de Soledad,Gabriel Garcia Marquez,false
Don Quijote de la Mancha,Miguel de Cervantes,false
Cien Anos de Soledad,Gabriel Garcia Marquez,false
Don Quijote de la Mancha,Miguel de Cervantes,false
Don Quijote de la Mancha,Miguel de Cervantes,false
Cien Anos de Soledad,Gabriel Garcia Marquez,false
Don Quijote de la Mancha,Miguel de Cervantes,false
Cien Anos de Soledad,Gabriel Garcia Marquez,false
Don Quijote de la Mancha,Miguel de Cervantes,false
Palomita Blanca ,Enrique Lafourcade,false
Palomita Blanca,Enrique Lafourcade,false
Cien Anos de Soledad,Gabriel Garcia Marquez,false
Don Quijote de la Mancha,Miguel de Cervantes,false
Cien Anos de Soledad,Gabriel Garcia Marquez,false
Don Quijote de la Mancha,Miguel de Cervantes,false
Cien Anos de Soledad,Gabriel Garcia Marquez,false
Don Quijote de la Mancha,Miguel de Cervantes,false
Los reemplazantes,Renato Garin Gonzalez,false
Cien Anos de Soledad,Gabriel Garcia Marquez,false
Don Quijote de la Mancha,Miguel de Cervantes,false
Los reemplazantes,Renato Garin Gonzalez,false
Cien Anos de Soledad,Gabriel Garcia Marquez,false
Don Quijote de la Mancha,Miguel de Cervantes,false
Los reemplazantes,Renato Garin Gonzalez,false
